k,num_top_SNP,num_bottom_SNP,num_intersection,Jaccard_idx
100,1204,1013,15,0.006811989100817439
200,2382,2154,61,0.013631284916201117
300,3545,3330,167,0.024895646988670243
400,4688,4464,291,0.03284053718541925
500,5809,5561,458,0.04197214076246334
600,6914,6621,666,0.05175227290387754
700,8000,7712,902,0.060904794058068874
800,9072,8732,1170,0.07033786220993146
900,10106,9732,1490,0.08120776106387617
1000,11125,10709,1830,0.09148170365926815
1100,12143,11672,2198,0.10167923393625387
1200,13141,12630,2633,0.11379548794191373
1300,14088,13560,3079,0.12532052586592862
1400,15008,14479,3522,0.13564413633737724
1500,15930,15326,3979,0.14587381310261394
1600,16824,16156,4468,0.15670594837261503
1700,17674,16991,4975,0.16756483664533514
1800,18554,17806,5512,0.1786825726141079
1900,19401,18613,6055,0.1894614975437279
2000,20214,19400,6617,0.20053338182258992
2100,21042,20188,7181,0.2109019354459749
2200,21813,20919,7729,0.22080964488758106
2300,22582,21674,8320,0.2315227070347284
2400,23325,22359,8903,0.24205432152470024
2500,24085,23087,9543,0.25360758989077575
2600,24794,23792,10162,0.26447012283989174
2700,25485,24462,10751,0.2742881926727217
2800,26167,25133,11372,0.28481266279302747
2900,26844,25767,11973,0.2946257197696737
3000,27491,26393,12600,0.3052029842069567
3100,28131,26981,13189,0.3146005772487656
3200,28748,27622,13854,0.32585379621789445
3300,29364,28205,14482,0.33611065982779026
3400,29968,28769,15093,0.3458207313720099
3500,30547,29325,15714,0.3558585080846053
3600,31108,29888,16332,0.3656636217087587
3700,31675,30430,16944,0.37519098337060736
3800,32253,30977,17566,0.3846793973370708
3900,32783,31526,18208,0.39495889460098477
4000,33322,32072,18875,0.40574818891205744
4100,33804,32586,19483,0.4153537851493381
4200,34319,33076,20092,0.42475107287064245
4300,34780,33592,20698,0.43415698284180054
4400,35249,34073,21304,0.4436669582239993
4500,35700,34537,21896,0.4529488425973811
4600,36140,35011,22513,0.4628685390024261
4700,36613,35466,23134,0.4726529778322607
4800,37037,35903,23728,0.4821588230512883
4900,37475,36337,24322,0.4914528187512629
5000,37884,36743,24903,0.5008245515244147
5100,38297,37126,25443,0.50906362545018
5200,38666,37510,25977,0.51748042789697
5300,39071,37902,26554,0.5266665344413812
5400,39462,38282,27128,0.5359570096412202
5500,39808,38631,27662,0.5447742087953207
5600,40159,38978,28183,0.553106723711583
5700,40513,39315,28721,0.5619778112587317
5800,40863,39656,29251,0.5705508309276742
5900,41197,40014,29767,0.5786291890210714
6000,41517,40373,30286,0.5868924889543446
6100,41823,40700,30776,0.5947397916787447
6200,42171,41022,31302,0.6032259929467537
6300,42478,41335,31785,0.6109210425155686
6400,42772,41649,32288,0.6193389983311913
6500,43059,41976,32775,0.6271526980482205
6600,43333,42250,33224,0.6345422945434405
6700,43592,42543,33675,0.6419176515440336
6800,43871,42818,34127,0.6492713367071268
6900,44142,43098,34581,0.6566968609354527
7000,44390,43383,35023,0.6639431279620853
7100,44647,43635,35438,0.6706153962606919
7200,44865,43890,35838,0.6772492771699076
7300,45116,44121,36233,0.6835899177420572
7400,45348,44366,36636,0.6902294736048834
7500,45568,44626,37047,0.6970666265264267
7600,45808,44860,37452,0.7037733012627782
7700,46031,45075,37829,0.710043733693714
7800,46229,45304,38200,0.7162544765904787
7900,46433,45515,38582,0.7229696810703444
8000,46605,45732,38928,0.7288659214739089
8100,46793,45951,39275,0.7345377695487104
8200,46995,46160,39641,0.7407594274395485
8300,47175,46351,39985,0.7468108552324387
8400,47352,46553,40331,0.7528091984918057
8500,47513,46744,40639,0.7579357678391585
8600,47695,46925,40965,0.7634889572267263
8700,47868,47131,41320,0.7697609866055627
8800,48030,47310,41629,0.7750553890264564
8900,48205,47487,41963,0.7810121163617413
9000,48388,47627,42250,0.7858272110108807
9100,48527,47794,42534,0.7907858776284232
9200,48662,47940,42796,0.795375980373936
9300,48803,48103,43077,0.80025636738561
9400,48954,48268,43369,0.8053218947876627
9500,49085,48411,43630,0.8099728957041548
9600,49200,48559,43874,0.8142154588475456
9700,49314,48702,44119,0.8185798838525336
9800,49441,48845,44374,0.8230820596527675
9900,49543,48963,44581,0.8267222994900324
10000,49668,49094,44822,0.8309603262884687
10100,49795,49223,45060,0.8350939619704214
10200,49914,49347,45287,0.8390521362137325
10300,50018,49476,45505,0.8428568782529775
10400,50127,49606,45737,0.847044225498185
10500,50233,49737,45963,0.851056344547929
10600,50332,49853,46172,0.8548312443300687
10700,50435,49978,46392,0.858777142222469
10800,50553,50085,46607,0.8625973977901575
10900,50642,50184,46787,0.8658006254741946
11000,50719,50291,46964,0.8689634755578581
11100,50800,50405,47157,0.8725022202486679
11200,50889,50495,47328,0.8755364806866953
11300,50964,50590,47492,0.8784728644889201
11400,51057,50672,47662,0.8815358721586181
11500,51134,50764,47827,0.8845222022895822
11600,51201,50856,47980,0.8872533609482774
11700,51276,50948,48142,0.8901667837727895
11800,51351,51032,48298,0.8930017564944069
11900,51420,51131,48464,0.8960378649213304
12000,51500,51223,48632,0.8990774805420495
12100,51565,51316,48788,0.9019281607601723
12200,51622,51396,48923,0.9043904242536279
12300,51685,51479,49064,0.906913123844732
12400,51749,51553,49200,0.9093933680825108
12500,51806,51614,49314,0.9114331127786197
12600,51877,51680,49447,0.913823692478285
12700,51932,51757,49576,0.9161569308668897
12800,51979,51832,49694,0.918269674963505
12900,52044,51899,49822,0.920566877921694
13000,52096,51971,49945,0.9228225121022874
13100,52143,52037,50056,0.9248392580001478
13200,52202,52080,50157,0.9266882217090069
13300,52246,52141,50261,0.9285925433248347
13400,52296,52212,50379,0.9307210552568863
13500,52336,52262,50467,0.932312353364985
13600,52381,52313,50562,0.9340500997561516
13700,52423,52373,50664,0.9359343826202616
13800,52464,52433,50765,0.9378001921229587
13900,52513,52483,50862,0.9395573946133668
14000,52555,52538,50956,0.9412416646655707
14100,52596,52583,51041,0.9427943403893753
14200,52630,52626,51118,0.94421663157117
14300,52665,52685,51211,0.9459169914479396
14400,52703,52727,51291,0.9473946692772308
14500,52748,52771,51379,0.9490025858884373
14600,52787,52806,51452,0.9503333887442049
14700,52819,52842,51520,0.9515893685007665
14800,52850,52875,51584,0.9527714670951775
14900,52877,52921,51657,0.9541197983044273
15000,52899,52959,51717,0.9552280157366876
15100,52928,52994,51780,0.9563739795352961
15200,52955,53044,51857,0.9577961656385061
15300,52984,53078,51919,0.95892359123063
15400,53012,53109,51978,0.9600132981179469
15500,53048,53129,52034,0.961047596180485
15600,53087,53151,52095,0.9621742422843211
15700,53117,53187,52161,0.9633932364294553
15800,53157,53217,52231,0.964686109007628
15900,53178,53244,52279,0.9655726502040892
16000,53202,53271,52330,0.9665146002253292
16100,53227,53306,52390,0.9676227767209058
16200,53244,53336,52437,0.9684908483091074
16300,53271,53359,52487,0.9694143287220878
16400,53290,53383,52530,0.9702085218772509
16500,53310,53400,52567,0.9708918973828565
16600,53328,53426,52611,0.9717045601462793
16700,53348,53452,52657,0.9725541621262213
16800,53365,53475,52697,0.9732929464566057
16900,53382,53492,52731,0.9739209131374323
17000,53398,53510,52765,0.9745488798182591
17100,53419,53530,52806,0.975306133756903
17200,53440,53556,52853,0.9761742053451047
17300,53458,53573,52888,0.9768206416341909
17400,53473,53598,52928,0.9775594259645753
17500,53493,53610,52960,0.9781504534288827
17600,53510,53629,52996,0.9788153593262287
17700,53524,53649,53030,0.9794433260070554
17800,53537,53663,53057,0.9799420054300648
17900,53548,53677,53082,0.9804037456365551
18000,53558,53689,53104,0.9808100770182664
18100,53577,53706,53140,0.9814749829156124
18200,53587,53723,53167,0.9819736623386218
18300,53596,53736,53189,0.9823799937203332
18400,53612,53751,53220,0.9829525515763811
18500,53623,53765,53245,0.9834142917828713
18600,53631,53775,53263,0.9837467447315442
18700,53642,53788,53287,0.9841900153297749
18800,53652,53797,53306,0.9845409378867074
18900,53662,53807,53326,0.9849103300518997
19000,53672,53814,53343,0.985224313392313
19100,53687,53826,53370,0.9857229928153224
19200,53693,53839,53389,0.986073915372255
19300,53708,53848,53413,0.9865171859704855
19400,53719,53854,53430,0.9868311693108989
19500,53724,53864,53445,0.987108213434793
19600,53733,53878,53468,0.987533014424764
19700,53744,53884,53485,0.9878469977651774
19800,53758,53891,53506,0.9882348595386292
19900,53770,53899,53526,0.9886042517038214
20000,53777,53906,53540,0.9888628262194559
